-- ============================================================
-- DASHBOARD - Synchronisation Gantt PROD
-- Genere automatiquement depuis la base locale
-- Genere le : 2026-04-06 23:29:51
-- Base source : meha0348_dashboard
-- ============================================================
SET NAMES utf8mb4;
SET FOREIGN_KEY_CHECKS = 0;

DELETE FROM `projet_services`;
DELETE FROM `projets`;
DELETE FROM `services`;


/*!40101 SET @OLD_CHARACTER_SET_CLIENT=@@CHARACTER_SET_CLIENT */;
/*!40101 SET @OLD_CHARACTER_SET_RESULTS=@@CHARACTER_SET_RESULTS */;
/*!40101 SET @OLD_COLLATION_CONNECTION=@@COLLATION_CONNECTION */;
/*!50503 SET NAMES utf8mb4 */;
/*!40103 SET @OLD_TIME_ZONE=@@TIME_ZONE */;
/*!40103 SET TIME_ZONE='+00:00' */;
/*!40014 SET @OLD_UNIQUE_CHECKS=@@UNIQUE_CHECKS, UNIQUE_CHECKS=0 */;
/*!40014 SET @OLD_FOREIGN_KEY_CHECKS=@@FOREIGN_KEY_CHECKS, FOREIGN_KEY_CHECKS=0 */;
/*!40101 SET @OLD_SQL_MODE=@@SQL_MODE, SQL_MODE='NO_AUTO_VALUE_ON_ZERO' */;
/*!40111 SET @OLD_SQL_NOTES=@@SQL_NOTES, SQL_NOTES=0 */;

LOCK TABLES `services` WRITE;
/*!40000 ALTER TABLE `services` DISABLE KEYS */;
INSERT INTO `services` (`id`, `name`, `color`) VALUES (1,'Agence','#b88463');
INSERT INTO `services` (`id`, `name`, `color`) VALUES (2,'COM','#6c757d');
INSERT INTO `services` (`id`, `name`, `color`) VALUES (3,'Communication','#f019f0');
INSERT INTO `services` (`id`, `name`, `color`) VALUES (4,'Comptabilité','#ab3df5');
INSERT INTO `services` (`id`, `name`, `color`) VALUES (5,'Conformité','#fa00ab');
INSERT INTO `services` (`id`, `name`, `color`) VALUES (6,'Contrôle Interne','#f26f6f');
INSERT INTO `services` (`id`, `name`, `color`) VALUES (7,'IT','#4a6fc0');
INSERT INTO `services` (`id`, `name`, `color`) VALUES (8,'Marketing','#9be90c');
INSERT INTO `services` (`id`, `name`, `color`) VALUES (9,'PATCH','#b0007a');
INSERT INTO `services` (`id`, `name`, `color`) VALUES (10,'Prestations','#05cdff');
INSERT INTO `services` (`id`, `name`, `color`) VALUES (11,'Production','#ffae00');
INSERT INTO `services` (`id`, `name`, `color`) VALUES (12,'Relation Client','#b95ad3');
INSERT INTO `services` (`id`, `name`, `color`) VALUES (13,'RH','#2f4e8c');
INSERT INTO `services` (`id`, `name`, `color`) VALUES (14,'Service Entreprise','#ff6a00');
INSERT INTO `services` (`id`, `name`, `color`) VALUES (15,'Sinistre','#a10f67');
INSERT INTO `services` (`id`, `name`, `color`) VALUES (1522,'Multi Services','#1d6f74');
/*!40000 ALTER TABLE `services` ENABLE KEYS */;
UNLOCK TABLES;

LOCK TABLES `projets` WRITE;
/*!40000 ALTER TABLE `projets` DISABLE KEYS */;
INSERT INTO `projets` (`id`, `ref`, `title`, `service`, `parentProjectId`, `projectType`, `description`, `color`, `customColor`, `start`, `duration`, `lane`, `startExact`, `endExact`, `riskGain`, `budgetEstimate`, `prioritization`, `status`, `progression`, `youtrackId`, `youtrackUrl`, `ownerId`, `ownerDisplayName`, `ownerEmail`, `teamMembers`, `taskColumns`, `created_at`, `updated_at`) VALUES ('prj001','PRJ001','Justification des comptes 402 pour les CAC','Comptabilité','prja45e47bd','Maintenance','Chantier déjà entamé et en cours (6832,8411)\nLes comptes 402 étant centralisés dans Sage, nous avons besoin du détail de chacune des centralisations afin d\'en rendre compte aux CAC qui nous les demande. Entre 2019 et 2023, un gros écart s\'est creusé laissant apparaitre un solde de 500K entre les émissions et les encaissements. L\'objectif est de déterminer pourquoi. Depuis 2023, cet écart ne semble plus évoluer ou dans une moindre mesure.',NULL,NULL,'2026-01-15',9,44,'2026-01-15','2026-05-31','Règlementaire vs CAC','Associé au projet PRJ004 (4K)','à lancer ASAP','Planifié',30,NULL,NULL,'Admin','Merouan Hamzaoui','m.hamzaoui@adep.com','[]','[\"idReadable\",\"summary\",\"assignee\",\"dueDate\",\"state\"]','2026-04-03 16:31:42','2026-04-04 18:49:25');
INSERT INTO `projets` (`id`, `ref`, `title`, `service`, `parentProjectId`, `projectType`, `description`, `color`, `customColor`, `start`, `duration`, `lane`, `startExact`, `endExact`, `riskGain`, `budgetEstimate`, `prioritization`, `status`, `progression`, `youtrackId`, `youtrackUrl`, `ownerId`, `ownerDisplayName`, `ownerEmail`, `teamMembers`, `taskColumns`, `created_at`, `updated_at`) VALUES ('prj002','PRJ002','GED Apporteur','Comptabilité / Marketing',NULL,'Maintenance','Pouvoir déposer dans OA les documents relatifs à chaque apporteur afin que cela remonte dans leur espace DEMAT. Exemple concret d\'utilisation :\nMise en dispo DADS (compta), des protocoles de commercialisation (RH)\nSécurise les données transmises car actuellement envoyées par mail.\nNOMA a déjà établi le devis et John a déjà travaillé avec Pascale sur la mise en place.','#a026f7','#a026f7',NULL,NULL,NULL,NULL,NULL,NULL,'Voir devis noma','StdBy','Standby',0,NULL,NULL,'Admin','Merouan Hamzaoui','m.hamzaoui@adep.com','[]','[\"idReadable\",\"summary\",\"assignee\",\"dueDate\",\"state\"]','2026-04-03 16:31:42','2026-04-04 18:49:25');
INSERT INTO `projets` (`id`, `ref`, `title`, `service`, `parentProjectId`, `projectType`, `description`, `color`, `customColor`, `start`, `duration`, `lane`, `startExact`, `endExact`, `riskGain`, `budgetEstimate`, `prioritization`, `status`, `progression`, `youtrackId`, `youtrackUrl`, `ownerId`, `ownerDisplayName`, `ownerEmail`, `teamMembers`, `taskColumns`, `created_at`, `updated_at`) VALUES ('prj003','PRJ003','Nouveau prestataire pour envoyer SMS Contentieux OA','Comptabilité / IT','prja45e47bd','Maintenance','Fin MAILEVA : fin juin 2026.\nRecouvrement des impayés / impact financier si cela ne fonctionne plus.\nÉtablir un nouveau reporting (l’actuel n’est pas exploitable).\nAction : trouver nouveau prestataire (intégrer l\'envoi mail à voir), gestion RMS...\nNoms évoqués : SMS Partner, Brevo, M Target',NULL,NULL,'2026-05-01',4,23,'2026-05-01','2026-06-30','Arrêt de service SMS','3K setup + budget mensuel lié au quantité','30/06 arrêt service','Planifié',0,NULL,NULL,'Admin','Merouan Hamzaoui','m.hamzaoui@adep.com','[]','[\"idReadable\",\"summary\",\"assignee\",\"dueDate\",\"state\"]','2026-04-03 16:31:42','2026-04-04 18:49:25');
INSERT INTO `projets` (`id`, `ref`, `title`, `service`, `parentProjectId`, `projectType`, `description`, `color`, `customColor`, `start`, `duration`, `lane`, `startExact`, `endExact`, `riskGain`, `budgetEstimate`, `prioritization`, `status`, `progression`, `youtrackId`, `youtrackUrl`, `ownerId`, `ownerDisplayName`, `ownerEmail`, `teamMembers`, `taskColumns`, `created_at`, `updated_at`) VALUES ('prj004','PRJ004','Reporting émissions','Comptabilité','prja45e47bd','Maintenance','-->Certaines données sont manquantes dans les reportings Emissions actuel. Il faut envisager un programme dans OA permettant d\'assurer la traçabilité des données extraites',NULL,NULL,'2026-03-01',4,22,'2026-03-01','2026-04-30','Assureur, non conformité relevée par le contrôleur de gestion VS','Associé au projet PRJ001 (4K)','à lancer ASAP','Planifié',40,NULL,NULL,'Admin','Merouan Hamzaoui','m.hamzaoui@adep.com','[]','[\"idReadable\",\"summary\",\"assignee\",\"dueDate\",\"state\"]','2026-04-03 16:31:42','2026-04-04 18:49:25');
INSERT INTO `projets` (`id`, `ref`, `title`, `service`, `parentProjectId`, `projectType`, `description`, `color`, `customColor`, `start`, `duration`, `lane`, `startExact`, `endExact`, `riskGain`, `budgetEstimate`, `prioritization`, `status`, `progression`, `youtrackId`, `youtrackUrl`, `ownerId`, `ownerDisplayName`, `ownerEmail`, `teamMembers`, `taskColumns`, `created_at`, `updated_at`) VALUES ('prj005','PRJ005','MIGRATION des contrats de LOGICA (90 polices)','Comptabilité / IT','prj5d94bf5b','Projet non transverse','Basculer les derniers contrats actifs prévoyance de l\'applicatif LOGICA vers OA.\nL\'obj est de pouvoir réaliser une coquille vide de produit permettant principalement de continuer à prélever nos adhérents et à assurer un reporting compagnie tel qu\'il existe aujourd\'hui. Les sinistres, s\'ils surviennent, seront gérés manuellement. Les contrats concernés seront resaisis et non migrés.',NULL,NULL,'2026-04-01',18,4,'2026-04-01','2026-12-31','Panne du serveur (obsolète)',NULL,'2026','Planifié',0,NULL,NULL,'Admin','Merouan Hamzaoui','m.hamzaoui@adep.com','[]','[\"idReadable\",\"summary\",\"assignee\",\"dueDate\",\"state\"]','2026-04-03 16:31:42','2026-04-04 18:49:25');
INSERT INTO `projets` (`id`, `ref`, `title`, `service`, `parentProjectId`, `projectType`, `description`, `color`, `customColor`, `start`, `duration`, `lane`, `startExact`, `endExact`, `riskGain`, `budgetEstimate`, `prioritization`, `status`, `progression`, `youtrackId`, `youtrackUrl`, `ownerId`, `ownerDisplayName`, `ownerEmail`, `teamMembers`, `taskColumns`, `created_at`, `updated_at`) VALUES ('prj006','PRJ006','Gestion Indus de prestations','Comptabilité / Prestations','prj5d94bf5b','Projet non transverse','Pas de possibilité de saisir des montants négatifs dans OA (rejets virements, remboursement CHU, remboursement indu).\nGestion manuelle par fichiers Excel : ne remonte pas dans les paiements compagnie.\nImpact : compta / presta / manque d’info relation client / fiabilité des données pour les assureurs.\n* Cahier des charges déjà effectué — voir nouveau recettage base Indu livré par SNL fév. 2026. VS est concerné au travers des reportings',NULL,NULL,'2026-02-01',6,7,'2026-02-01','2026-04-30',NULL,NULL,'enclenché','Planifié',60,NULL,NULL,'Admin','Merouan Hamzaoui','m.hamzaoui@adep.com','[]','[\"idReadable\",\"summary\",\"assignee\",\"dueDate\",\"state\"]','2026-04-03 16:31:42','2026-04-04 18:49:25');
INSERT INTO `projets` (`id`, `ref`, `title`, `service`, `parentProjectId`, `projectType`, `description`, `color`, `customColor`, `start`, `duration`, `lane`, `startExact`, `endExact`, `riskGain`, `budgetEstimate`, `prioritization`, `status`, `progression`, `youtrackId`, `youtrackUrl`, `ownerId`, `ownerDisplayName`, `ownerEmail`, `teamMembers`, `taskColumns`, `created_at`, `updated_at`) VALUES ('prj007','PRJ007','Passer les CB directement dans OA (intégration dans le compte contrat)','Comptabilité','prja45e47bd','Maintenance','Pour le paiement des impayés, le site Démat propose un lien Sogecommerce. Un WS intègre ensuite le paiement dans OA.\nL\'objectif est de pouvoir enregistrer un paiement client sans forcément passer par la démat pour éviter les problématiques de sécurité notamment. Les salariés se connecteront à OA pour initier un paiement sogecommerce client.\nMoins de manuel dans OA ; moins de double saisie.',NULL,NULL,'2026-10-01',6,25,'2026-10-01','2026-12-31',NULL,'2-3 K ? Devis à demander',NULL,'Planifié',0,NULL,NULL,'Admin','Merouan Hamzaoui','m.hamzaoui@adep.com','[]','[\"idReadable\",\"summary\",\"assignee\",\"dueDate\",\"state\"]','2026-04-03 16:31:42','2026-04-04 18:49:25');
INSERT INTO `projets` (`id`, `ref`, `title`, `service`, `parentProjectId`, `projectType`, `description`, `color`, `customColor`, `start`, `duration`, `lane`, `startExact`, `endExact`, `riskGain`, `budgetEstimate`, `prioritization`, `status`, `progression`, `youtrackId`, `youtrackUrl`, `ownerId`, `ownerDisplayName`, `ownerEmail`, `teamMembers`, `taskColumns`, `created_at`, `updated_at`) VALUES ('prj008','PRJ008','Problèmes de calcul de com ADEP','Comptabilité','prja45e47bd','Maintenance','Revoir le calcul dans OA pour correction et simplification du paramétrage des produits.\nRéf. SNL RM#7429-8475.',NULL,NULL,'2026-10-01',6,26,'2026-10-01','2026-12-31','Risque règlementaire',NULL,'voir urgence vs demande CAC CTF','Planifié',0,NULL,NULL,'Admin','Merouan Hamzaoui','m.hamzaoui@adep.com','[{\"id\":\"f994dc4e-10f8-45e9-9835-da608838198e\",\"ringId\":\"f994dc4e-10f8-45e9-9835-da608838198e\",\"youtrackId\":\"1-1\",\"displayName\":\"Merouan\",\"login\":\"Merouan\",\"email\":\"m.hamzaoui@adep.com\",\"service\":null}]','[\"idReadable\",\"summary\",\"assignee\",\"dueDate\",\"state\"]','2026-04-03 16:31:42','2026-04-04 18:49:25');
INSERT INTO `projets` (`id`, `ref`, `title`, `service`, `parentProjectId`, `projectType`, `description`, `color`, `customColor`, `start`, `duration`, `lane`, `startExact`, `endExact`, `riskGain`, `budgetEstimate`, `prioritization`, `status`, `progression`, `youtrackId`, `youtrackUrl`, `ownerId`, `ownerDisplayName`, `ownerEmail`, `teamMembers`, `taskColumns`, `created_at`, `updated_at`) VALUES ('prj009','PRJ009','Livre de caisse','Comptabilité','prj5d94bf5b',NULL,'Obj : Pouvoir saisir des fonds sans que les contrats soient validés + gestion des fonds des partenaires externes, fond de caisse et régul + génération des écritures comptables…\nÉviter les doubles saisies (gain de temps) et minimiser les écarts de caisse.\nPhase 1 : Déterminer dans quelle mesure le LDC ne rend pas le service attendu actuellement',NULL,NULL,'2026-09-15',7,9,'2026-09-15','2026-12-31',NULL,'7-8k approx','Quel est le besoin ? Refaire l\'étude','Planifié',0,NULL,NULL,'Admin','Merouan Hamzaoui','m.hamzaoui@adep.com','[]','[\"idReadable\",\"summary\",\"assignee\",\"dueDate\",\"state\"]','2026-04-03 16:31:42','2026-04-04 18:49:25');
INSERT INTO `projets` (`id`, `ref`, `title`, `service`, `parentProjectId`, `projectType`, `description`, `color`, `customColor`, `start`, `duration`, `lane`, `startExact`, `endExact`, `riskGain`, `budgetEstimate`, `prioritization`, `status`, `progression`, `youtrackId`, `youtrackUrl`, `ownerId`, `ownerDisplayName`, `ownerEmail`, `teamMembers`, `taskColumns`, `created_at`, `updated_at`) VALUES ('prj010','PRJ010','Analyse des contrats en impayé par anticipation','Comptabilité','prja45e47bd','Maintenance','Anticiper les résiliations suite MEDS en pouvant changer la date du système pour calculer les provisions.\nAnalyser le retour : SNL RM#7355.',NULL,NULL,'2026-10-01',6,27,'2026-10-01','2026-12-31','Risque contrôle de gestion / affiner les résils de portefeuille','?','A tester solution Xavier','Planifié',0,NULL,NULL,'Admin','Merouan Hamzaoui','m.hamzaoui@adep.com','[]','[\"idReadable\",\"summary\",\"assignee\",\"dueDate\",\"state\"]','2026-04-03 16:31:42','2026-04-04 18:49:25');
INSERT INTO `projets` (`id`, `ref`, `title`, `service`, `parentProjectId`, `projectType`, `description`, `color`, `customColor`, `start`, `duration`, `lane`, `startExact`, `endExact`, `riskGain`, `budgetEstimate`, `prioritization`, `status`, `progression`, `youtrackId`, `youtrackUrl`, `ownerId`, `ownerDisplayName`, `ownerEmail`, `teamMembers`, `taskColumns`, `created_at`, `updated_at`) VALUES ('prj011','PRJ011','Intégration dans OA une vraie gestion du recouvrement','Comptabilité','prj5d94bf5b','Projet non transverse','Pouvoir intégrer un pop-up avec l’information que le dossier est en recouvrement, du montant à réclamer et gestion du solde restant à régler…',NULL,NULL,'2026-09-15',7,10,'2026-09-15','2026-12-31',NULL,'3K','Faire cahier des charges/reporting','Planifié',0,NULL,NULL,'Admin','Merouan Hamzaoui','m.hamzaoui@adep.com','[]','[\"idReadable\",\"summary\",\"assignee\",\"dueDate\",\"state\"]','2026-04-03 16:31:42','2026-04-04 18:49:25');
INSERT INTO `projets` (`id`, `ref`, `title`, `service`, `parentProjectId`, `projectType`, `description`, `color`, `customColor`, `start`, `duration`, `lane`, `startExact`, `endExact`, `riskGain`, `budgetEstimate`, `prioritization`, `status`, `progression`, `youtrackId`, `youtrackUrl`, `ownerId`, `ownerDisplayName`, `ownerEmail`, `teamMembers`, `taskColumns`, `created_at`, `updated_at`) VALUES ('prj012','PRJ012','Amélioration de la vue Compte Contrat','Comptabilité','prj5d94bf5b','Projet non transverse','Difficultés pour les gestionnaires à lire les comptes (surtout pour les collectives).\nAjouter une nouvelle vue plus simple pour la consultation.',NULL,NULL,'2026-09-15',7,11,'2026-09-15','2026-12-31','Gain de productivité/lisibilité',NULL,'Faire cahier des charges','Planifié',0,NULL,NULL,'Admin','Merouan Hamzaoui','m.hamzaoui@adep.com','[]','[\"idReadable\",\"summary\",\"assignee\",\"dueDate\",\"state\"]','2026-04-03 16:31:42','2026-04-04 18:49:25');
INSERT INTO `projets` (`id`, `ref`, `title`, `service`, `parentProjectId`, `projectType`, `description`, `color`, `customColor`, `start`, `duration`, `lane`, `startExact`, `endExact`, `riskGain`, `budgetEstimate`, `prioritization`, `status`, `progression`, `youtrackId`, `youtrackUrl`, `ownerId`, `ownerDisplayName`, `ownerEmail`, `teamMembers`, `taskColumns`, `created_at`, `updated_at`) VALUES ('prj013','PRJ013','Nouvelles bases de données OA disponibles et à jour','Comptabilité','prj5d94bf5b','Projet non transverse','Générer des exports et reportings sans ralentir la prod, surtout en début de mois. Voir si redondance partielle avec projet Power BI.\nDes solutions sont déjà identifiées côté AWS. A creuser',NULL,NULL,'2026-09-15',7,8,'2026-09-15','2026-12-31','Ralentissement des traitements quotidien','budget AWS','2ème semestre','Planifié',0,NULL,NULL,'Admin','Merouan Hamzaoui','m.hamzaoui@adep.com','[]','[\"idReadable\",\"summary\",\"assignee\",\"dueDate\",\"state\"]','2026-04-03 16:31:42','2026-04-04 18:49:25');
INSERT INTO `projets` (`id`, `ref`, `title`, `service`, `parentProjectId`, `projectType`, `description`, `color`, `customColor`, `start`, `duration`, `lane`, `startExact`, `endExact`, `riskGain`, `budgetEstimate`, `prioritization`, `status`, `progression`, `youtrackId`, `youtrackUrl`, `ownerId`, `ownerDisplayName`, `ownerEmail`, `teamMembers`, `taskColumns`, `created_at`, `updated_at`) VALUES ('prj014','PRJ014','POWER BI → CA… / Dashboard impayés / suivi commissions apporteurs','Comptabilité','prja6f3cc72','Projet transverse','Camille – Nathalie.\nVoir Dashboard (comm), instance + ca assurable',NULL,NULL,'2026-09-15',7,1,'2026-09-15','2026-12-31','Mauvaise décision stratégique suite hétérogénéité des reportings. Tâches potentiellement réalisées en doublon par x services','35K','Pierre','Planifié',0,NULL,NULL,'Admin','Merouan Hamzaoui','m.hamzaoui@adep.com','[]','[\"idReadable\",\"summary\",\"assignee\",\"dueDate\",\"state\"]','2026-04-03 16:31:42','2026-04-04 18:49:25');
INSERT INTO `projets` (`id`, `ref`, `title`, `service`, `parentProjectId`, `projectType`, `description`, `color`, `customColor`, `start`, `duration`, `lane`, `startExact`, `endExact`, `riskGain`, `budgetEstimate`, `prioritization`, `status`, `progression`, `youtrackId`, `youtrackUrl`, `ownerId`, `ownerDisplayName`, `ownerEmail`, `teamMembers`, `taskColumns`, `created_at`, `updated_at`) VALUES ('prj015','PRJ015','Materialiser les appels sortant dans OA via WS (Notes)','Relation Client','prja45e47bd','Maintenance','Lors d\'appels sortants passés avec INO, il n\'y a aucune trace sur OA permettant de savoir qu\'un adhérent a été joint x fois. Indiquer une note améliorera la relation et le suivi client',NULL,NULL,'2026-10-01',6,28,'2026-10-01','2026-12-31','Améioration service client',NULL,'Réunion James et David pourgestion des campagnes. Que fait INO ?','Planifié',0,NULL,NULL,'Admin','Merouan Hamzaoui','m.hamzaoui@adep.com','[]','[\"idReadable\",\"summary\",\"assignee\",\"dueDate\",\"state\"]','2026-04-03 16:31:42','2026-04-04 18:49:25');
INSERT INTO `projets` (`id`, `ref`, `title`, `service`, `parentProjectId`, `projectType`, `description`, `color`, `customColor`, `start`, `duration`, `lane`, `startExact`, `endExact`, `riskGain`, `budgetEstimate`, `prioritization`, `status`, `progression`, `youtrackId`, `youtrackUrl`, `ownerId`, `ownerDisplayName`, `ownerEmail`, `teamMembers`, `taskColumns`, `created_at`, `updated_at`) VALUES ('prj016','PRJ016','Bouton d\'appel (call to) qui déclenche un appel INO','Relation Client','prja45e47bd','Maintenance','Depuis OA, au niveau des numéros de téléphones, pouvoir lancer un appel au lieu de copier/coller le numéro dans INO',NULL,NULL,'2026-10-01',6,29,'2026-10-01','2026-12-31','Gain de productivité','Interne / Devis SNL',NULL,'Planifié',0,NULL,NULL,'Admin','Merouan Hamzaoui','m.hamzaoui@adep.com','[]','[\"idReadable\",\"summary\",\"assignee\",\"dueDate\",\"state\"]','2026-04-03 16:31:42','2026-04-04 18:49:25');
INSERT INTO `projets` (`id`, `ref`, `title`, `service`, `parentProjectId`, `projectType`, `description`, `color`, `customColor`, `start`, `duration`, `lane`, `startExact`, `endExact`, `riskGain`, `budgetEstimate`, `prioritization`, `status`, `progression`, `youtrackId`, `youtrackUrl`, `ownerId`, `ownerDisplayName`, `ownerEmail`, `teamMembers`, `taskColumns`, `created_at`, `updated_at`) VALUES ('prj017','PRJ017','Automatiser la création de l\'espace personnel adhérent OA','Relation Client','prja45e47bd','Maintenance','Relier la création d\'espace perso au moment de la creation de l\'email si pas créé sauf risque iARD',NULL,NULL,'2026-10-01',6,30,'2026-10-01','2026-12-31','Gain de productivité',NULL,NULL,'Planifié',0,NULL,NULL,'Admin','Merouan Hamzaoui','m.hamzaoui@adep.com','[]','[\"idReadable\",\"summary\",\"assignee\",\"dueDate\",\"state\"]','2026-04-03 16:31:42','2026-04-04 18:49:25');
INSERT INTO `projets` (`id`, `ref`, `title`, `service`, `parentProjectId`, `projectType`, `description`, `color`, `customColor`, `start`, `duration`, `lane`, `startExact`, `endExact`, `riskGain`, `budgetEstimate`, `prioritization`, `status`, `progression`, `youtrackId`, `youtrackUrl`, `ownerId`, `ownerDisplayName`, `ownerEmail`, `teamMembers`, `taskColumns`, `created_at`, `updated_at`) VALUES ('prj018','PRJ018','Mettre en GED les documents CREOL et AFRIK ASSISTANCE','Relation Client','prj5d94bf5b',NULL,'Numériser et gédifier les docs contractuels relatifs aux contrats Creol et Afrik. Ce sont actuellement des dossiers papiers se trouvant au sous sol. Aujourd\'hui, si un adhérent concerné appelle le PRC, le collaborateur doit descendre aux archives pour récupérer les infos nécessaires.',NULL,NULL,'2026-09-15',7,12,'2026-09-15','2026-12-31','Gain de productivité et reporting amélioré','Temps passé + ressources intérim ou jeune','Etude du volume concerné','Planifié',0,NULL,NULL,'Admin','Merouan Hamzaoui','m.hamzaoui@adep.com','[]','[\"idReadable\",\"summary\",\"assignee\",\"dueDate\",\"state\"]','2026-04-03 16:31:42','2026-04-04 18:49:25');
INSERT INTO `projets` (`id`, `ref`, `title`, `service`, `parentProjectId`, `projectType`, `description`, `color`, `customColor`, `start`, `duration`, `lane`, `startExact`, `endExact`, `riskGain`, `budgetEstimate`, `prioritization`, `status`, `progression`, `youtrackId`, `youtrackUrl`, `ownerId`, `ownerDisplayName`, `ownerEmail`, `teamMembers`, `taskColumns`, `created_at`, `updated_at`) VALUES ('prj019','PRJ019','Accessibilité E-carte Almerys depuis la Démat pour l\'apporteur','Marketing / Communication','prja45e47bd','Maintenance','Mettre en place un WS dans OA qui permette la récupération de la Ecarte Almerys et son insertion en GED afin de la rendre disponible sur le site Démat',NULL,NULL,'2026-10-01',6,31,'2026-10-01','2026-12-31','Améioration service client apporteur/courtier','W IT ADEP ET NOMA','ok','Planifié',0,NULL,NULL,'Admin','Merouan Hamzaoui','m.hamzaoui@adep.com','[]','[\"idReadable\",\"summary\",\"assignee\",\"dueDate\",\"state\"]','2026-04-03 16:31:42','2026-04-04 18:49:25');
INSERT INTO `projets` (`id`, `ref`, `title`, `service`, `parentProjectId`, `projectType`, `description`, `color`, `customColor`, `start`, `duration`, `lane`, `startExact`, `endExact`, `riskGain`, `budgetEstimate`, `prioritization`, `status`, `progression`, `youtrackId`, `youtrackUrl`, `ownerId`, `ownerDisplayName`, `ownerEmail`, `teamMembers`, `taskColumns`, `created_at`, `updated_at`) VALUES ('prj020','PRJ020','Automatisation de la RIA','Marketing','prja45e47bd','Maintenance','Envoi automatique et dématérialisé des RIA avec un prestataire (ex: jeresiliemoncontrat.com). A ce jour, c\'est la prod qui s\'en occupe',NULL,NULL,'2026-10-01',6,32,'2026-10-01','2026-12-31','Gain de productivité',NULL,'Point David INO','Planifié',0,NULL,NULL,'Admin','Merouan Hamzaoui','m.hamzaoui@adep.com','[]','[\"idReadable\",\"summary\",\"assignee\",\"dueDate\",\"state\"]','2026-04-03 16:31:42','2026-04-04 18:49:25');
INSERT INTO `projets` (`id`, `ref`, `title`, `service`, `parentProjectId`, `projectType`, `description`, `color`, `customColor`, `start`, `duration`, `lane`, `startExact`, `endExact`, `riskGain`, `budgetEstimate`, `prioritization`, `status`, `progression`, `youtrackId`, `youtrackUrl`, `ownerId`, `ownerDisplayName`, `ownerEmail`, `teamMembers`, `taskColumns`, `created_at`, `updated_at`) VALUES ('prj021','PRJ021','Mise en place  Demat -> Courtier','Marketing',NULL,'Projet non transverse','Donner accés aux WS OA pour les prestataires qui le demande (ex: vosdevis.com, ogodata),fludifier le traitement de données et éviter de les resaisir à la création de l\'affaire nouvelle.',NULL,NULL,NULL,NULL,NULL,NULL,NULL,NULL,NULL,'Suspens','Standby',0,NULL,NULL,'Admin','Merouan Hamzaoui','m.hamzaoui@adep.com','[]','[\"idReadable\",\"summary\",\"assignee\",\"dueDate\",\"state\"]','2026-04-03 16:31:42','2026-04-04 18:49:25');
INSERT INTO `projets` (`id`, `ref`, `title`, `service`, `parentProjectId`, `projectType`, `description`, `color`, `customColor`, `start`, `duration`, `lane`, `startExact`, `endExact`, `riskGain`, `budgetEstimate`, `prioritization`, `status`, `progression`, `youtrackId`, `youtrackUrl`, `ownerId`, `ownerDisplayName`, `ownerEmail`, `teamMembers`, `taskColumns`, `created_at`, `updated_at`) VALUES ('prj022','PRJ022','Intégrer la totalité des documents récupérés au client dans la GED OA','Marketing / Conformité','prja45e47bd','Maintenance','intégrer XML -> GED ->caler un point technique pour le rappatriement des infos',NULL,NULL,'2026-01-01',15,37,'2026-01-01','2026-08-14',NULL,'2K SNL + noma (avec PRJ034)','Prêt pour fin mars','Planifié',80,NULL,NULL,'Admin','Merouan Hamzaoui','m.hamzaoui@adep.com','[]','[\"idReadable\",\"summary\",\"assignee\",\"dueDate\",\"state\"]','2026-04-03 16:31:42','2026-04-04 18:49:25');
INSERT INTO `projets` (`id`, `ref`, `title`, `service`, `parentProjectId`, `projectType`, `description`, `color`, `customColor`, `start`, `duration`, `lane`, `startExact`, `endExact`, `riskGain`, `budgetEstimate`, `prioritization`, `status`, `progression`, `youtrackId`, `youtrackUrl`, `ownerId`, `ownerDisplayName`, `ownerEmail`, `teamMembers`, `taskColumns`, `created_at`, `updated_at`) VALUES ('prj023','PRJ023','Digitatilsation des process B2B -> Extranet B2B','Communication','prj5d94bf5b',NULL,'Mise en place de l\'extranet B2B avec Mutlab.  V1 en l\'état avec envoi de mail, V2 avec utilisation des WS de création/suppression salariés issu de la DSN',NULL,NULL,'2026-09-15',7,13,'2026-09-15','2026-12-31',NULL,'2K SNL + Mutlab','Sujet chez Xavier car transverse et impact commerciaux','Planifié',0,NULL,NULL,NULL,NULL,NULL,'[]','[\"idReadable\",\"summary\",\"assignee\",\"dueDate\",\"state\"]','2026-04-03 16:31:42','2026-04-04 18:49:25');
INSERT INTO `projets` (`id`, `ref`, `title`, `service`, `parentProjectId`, `projectType`, `description`, `color`, `customColor`, `start`, `duration`, `lane`, `startExact`, `endExact`, `riskGain`, `budgetEstimate`, `prioritization`, `status`, `progression`, `youtrackId`, `youtrackUrl`, `ownerId`, `ownerDisplayName`, `ownerEmail`, `teamMembers`, `taskColumns`, `created_at`, `updated_at`) VALUES ('prj024','PRJ024','Espace Perso IARD + déclaration sinistre','Communication','prja6f3cc72','Projet transverse','Voir le détail proposé par Mutlab, voir les services de gestion pour voir si convient',NULL,NULL,'2026-09-15',7,2,'2026-09-15','2026-12-31',NULL,'2K SNL + voir budget Mutlab','Attention transverse','Planifié',0,NULL,NULL,'Admin','Merouan Hamzaoui','m.hamzaoui@adep.com','[]','[\"idReadable\",\"summary\",\"assignee\",\"dueDate\",\"state\"]','2026-04-03 16:31:42','2026-04-04 18:49:25');
INSERT INTO `projets` (`id`, `ref`, `title`, `service`, `parentProjectId`, `projectType`, `description`, `color`, `customColor`, `start`, `duration`, `lane`, `startExact`, `endExact`, `riskGain`, `budgetEstimate`, `prioritization`, `status`, `progression`, `youtrackId`, `youtrackUrl`, `ownerId`, `ownerDisplayName`, `ownerEmail`, `teamMembers`, `taskColumns`, `created_at`, `updated_at`) VALUES ('prj025','PRJ025','Fiabilisation de la donnée','Communication','prj5d94bf5b',NULL,'Beaucoup de retraitement manuel suite à export fait sur OA, nécessité de requalifier certaines données.',NULL,NULL,'2026-09-15',7,14,'2026-09-15','2026-12-31','Qualité de la donnée','Interne',NULL,'Planifié',0,NULL,NULL,NULL,NULL,NULL,'[]','[\"idReadable\",\"summary\",\"assignee\",\"dueDate\",\"state\"]','2026-04-03 16:31:42','2026-04-04 18:49:25');
INSERT INTO `projets` (`id`, `ref`, `title`, `service`, `parentProjectId`, `projectType`, `description`, `color`, `customColor`, `start`, `duration`, `lane`, `startExact`, `endExact`, `riskGain`, `budgetEstimate`, `prioritization`, `status`, `progression`, `youtrackId`, `youtrackUrl`, `ownerId`, `ownerDisplayName`, `ownerEmail`, `teamMembers`, `taskColumns`, `created_at`, `updated_at`) VALUES ('prj026','PRJ026','Rattachement Commercial par rapport Code Postal','Communication','prja45e47bd','Evolution','Permettre d\'affecter le point de rattachement commercial en fonction d\'un code postal adhérent. Mécanisme à déployer dans OA pour qu\'il soit à la main de gestionnaires. Fait, manque la formation',NULL,NULL,'2026-01-01',6,20,'2026-01-01','2026-03-31',NULL,'Interne','fait ou en cours john/alice','Terminé',90,NULL,NULL,'Admin','Merouan Hamzaoui','m.hamzaoui@adep.com','[]','[\"idReadable\",\"summary\",\"assignee\",\"dueDate\",\"state\"]','2026-04-03 16:31:42','2026-04-04 18:49:25');
INSERT INTO `projets` (`id`, `ref`, `title`, `service`, `parentProjectId`, `projectType`, `description`, `color`, `customColor`, `start`, `duration`, `lane`, `startExact`, `endExact`, `riskGain`, `budgetEstimate`, `prioritization`, `status`, `progression`, `youtrackId`, `youtrackUrl`, `ownerId`, `ownerDisplayName`, `ownerEmail`, `teamMembers`, `taskColumns`, `created_at`, `updated_at`) VALUES ('prj027','PRJ027','Accessibilité Mise en production OA','Communication','prj5d94bf5b','Projet non transverse','Réduire au maximum le temps d\'indisponibilité des services lorsqu\'OA est en mise à jour. Voir pour base miroir ou autre optimisation  pour réduire le temps de Mep',NULL,NULL,'2026-07-01',12,5,'2026-07-01','2026-12-31','Satisfaction client',NULL,'Tps 1 : évaluer gain AWS','Planifié',0,NULL,NULL,'Admin','Merouan Hamzaoui','m.hamzaoui@adep.com','[]','[\"idReadable\",\"summary\",\"assignee\",\"dueDate\",\"state\"]','2026-04-03 16:31:42','2026-04-04 18:49:25');
INSERT INTO `projets` (`id`, `ref`, `title`, `service`, `parentProjectId`, `projectType`, `description`, `color`, `customColor`, `start`, `duration`, `lane`, `startExact`, `endExact`, `riskGain`, `budgetEstimate`, `prioritization`, `status`, `progression`, `youtrackId`, `youtrackUrl`, `ownerId`, `ownerDisplayName`, `ownerEmail`, `teamMembers`, `taskColumns`, `created_at`, `updated_at`) VALUES ('prj028','PRJ028','Transformer tous les documents OA en docx','Communication','prja45e47bd','Maintenance','Lister les documents restants à transformer en DOCX. Obj : avoir la main sur les docs en question.',NULL,NULL,'2026-01-01',14,43,'2026-01-01','2026-07-31',NULL,NULL,'Queue de projet','Planifié',80,NULL,NULL,'Admin','Merouan Hamzaoui','m.hamzaoui@adep.com','[]','[\"idReadable\",\"summary\",\"assignee\",\"dueDate\",\"state\"]','2026-04-03 16:31:42','2026-04-04 18:49:25');
INSERT INTO `projets` (`id`, `ref`, `title`, `service`, `parentProjectId`, `projectType`, `description`, `color`, `customColor`, `start`, `duration`, `lane`, `startExact`, `endExact`, `riskGain`, `budgetEstimate`, `prioritization`, `status`, `progression`, `youtrackId`, `youtrackUrl`, `ownerId`, `ownerDisplayName`, `ownerEmail`, `teamMembers`, `taskColumns`, `created_at`, `updated_at`) VALUES ('prj029','PRJ029','Modules evènement ( Planifier )','Communication','prj5d94bf5b',NULL,'Projet évoqué par SAT \nPossibilité de planifier l’envoi de documents de gestion automatiquement en fonction de trigger',NULL,NULL,'2026-09-15',7,15,'2026-09-15','2026-12-31',NULL,NULL,'A creuser','Planifié',0,NULL,NULL,'Admin','Merouan Hamzaoui','m.hamzaoui@adep.com','[]','[\"idReadable\",\"summary\",\"assignee\",\"dueDate\",\"state\"]','2026-04-03 16:31:42','2026-04-04 18:49:25');
INSERT INTO `projets` (`id`, `ref`, `title`, `service`, `parentProjectId`, `projectType`, `description`, `color`, `customColor`, `start`, `duration`, `lane`, `startExact`, `endExact`, `riskGain`, `budgetEstimate`, `prioritization`, `status`, `progression`, `youtrackId`, `youtrackUrl`, `ownerId`, `ownerDisplayName`, `ownerEmail`, `teamMembers`, `taskColumns`, `created_at`, `updated_at`) VALUES ('prj030','PRJ030','APC -> Automatiser dans OA','Communication','prj5d94bf5b','Projet non transverse','Automatiser les extractions de convocations à l\'APC pour gagner en fluidité de traitement. Fait',NULL,NULL,'2026-01-01',4,6,'2026-01-01','2026-02-28','Gain de fluidité',NULL,'Fait  John','Planifié',100,NULL,NULL,'Admin','Merouan Hamzaoui','m.hamzaoui@adep.com','[]','[\"idReadable\",\"summary\",\"assignee\",\"dueDate\",\"state\"]','2026-04-03 16:31:42','2026-04-04 18:49:25');
INSERT INTO `projets` (`id`, `ref`, `title`, `service`, `parentProjectId`, `projectType`, `description`, `color`, `customColor`, `start`, `duration`, `lane`, `startExact`, `endExact`, `riskGain`, `budgetEstimate`, `prioritization`, `status`, `progression`, `youtrackId`, `youtrackUrl`, `ownerId`, `ownerDisplayName`, `ownerEmail`, `teamMembers`, `taskColumns`, `created_at`, `updated_at`) VALUES ('prj031','PRJ031','Whatsapp','Communication','prja45e47bd','Evolution','Disposer d\'un whatsapp Pro sur Ino',NULL,NULL,'2026-10-01',6,33,'2026-10-01','2026-12-31','Satisfaction client','voir devis Ino, pas de signature','Suivre le dossier','Planifié',0,NULL,NULL,'Admin','Merouan Hamzaoui','m.hamzaoui@adep.com','[]','[\"idReadable\",\"summary\",\"assignee\",\"dueDate\",\"state\"]','2026-04-03 16:31:42','2026-04-04 18:49:25');
INSERT INTO `projets` (`id`, `ref`, `title`, `service`, `parentProjectId`, `projectType`, `description`, `color`, `customColor`, `start`, `duration`, `lane`, `startExact`, `endExact`, `riskGain`, `budgetEstimate`, `prioritization`, `status`, `progression`, `youtrackId`, `youtrackUrl`, `ownerId`, `ownerDisplayName`, `ownerEmail`, `teamMembers`, `taskColumns`, `created_at`, `updated_at`) VALUES ('prj032','PRJ032','Importer des contacts dans OA','Conformité','prja45e47bd','Evolution','Dans le cadre du process de souscription collective, faire en sorte de pouvoir importer les employés saisis via le fichier excel directement dans OpenAssur sans passer par une saisie classique. Mettre en place les outils de vérification de gestion des doublons de contacts. OA dispose déjà d\'un outil pour cela, à creuser pour voir si compatible avec la demande',NULL,NULL,'2026-10-01',6,36,'2026-10-01','2026-12-31','Gain de productivité','0','Livré 17/03, à recetter','Planifié',90,NULL,NULL,'Admin','Merouan Hamzaoui','m.hamzaoui@adep.com','[]','[\"idReadable\",\"summary\",\"assignee\",\"dueDate\",\"state\"]','2026-04-03 16:31:42','2026-04-04 18:49:25');
INSERT INTO `projets` (`id`, `ref`, `title`, `service`, `parentProjectId`, `projectType`, `description`, `color`, `customColor`, `start`, `duration`, `lane`, `startExact`, `endExact`, `riskGain`, `budgetEstimate`, `prioritization`, `status`, `progression`, `youtrackId`, `youtrackUrl`, `ownerId`, `ownerDisplayName`, `ownerEmail`, `teamMembers`, `taskColumns`, `created_at`, `updated_at`) VALUES ('prj033','PRJ033','Contrôle de cohérence des données Rib/NumSS/Adresse','Conformité','prja45e47bd','Evolution','',NULL,NULL,'2026-10-01',6,34,'2026-10-01','2026-12-31','Gain de productivité','Noma 5K (à revoir avec eux)','Ressortir les taux d\'instances correspondantes','Planifié',0,NULL,NULL,'Admin','Merouan Hamzaoui','m.hamzaoui@adep.com','[]','[\"idReadable\",\"summary\",\"assignee\",\"dueDate\",\"state\"]','2026-04-03 16:31:42','2026-04-04 18:49:25');
INSERT INTO `projets` (`id`, `ref`, `title`, `service`, `parentProjectId`, `projectType`, `description`, `color`, `customColor`, `start`, `duration`, `lane`, `startExact`, `endExact`, `riskGain`, `budgetEstimate`, `prioritization`, `status`, `progression`, `youtrackId`, `youtrackUrl`, `ownerId`, `ownerDisplayName`, `ownerEmail`, `teamMembers`, `taskColumns`, `created_at`, `updated_at`) VALUES ('prj034','PRJ034','Intégrer la DA signé et le devoir de Conseil dans GED OA','Conformité','prja45e47bd','Maintenance','Revoir le workflow de signature cegedim afin de déterminer dans quelle mesure il est possible de récupérer la DA et le DC via la démat puis par la suite dans le pont démat',NULL,NULL,'2026-02-15',7,35,'2026-02-15','2026-05-31','Gain de productivité','2K SNL + noma (avec PRJ022)','Prêt pour fin mars','Planifié',50,NULL,NULL,'Admin','Merouan Hamzaoui','m.hamzaoui@adep.com','[]','[\"idReadable\",\"summary\",\"assignee\",\"dueDate\",\"state\"]','2026-04-03 16:31:42','2026-04-04 18:49:25');
INSERT INTO `projets` (`id`, `ref`, `title`, `service`, `parentProjectId`, `projectType`, `description`, `color`, `customColor`, `start`, `duration`, `lane`, `startExact`, `endExact`, `riskGain`, `budgetEstimate`, `prioritization`, `status`, `progression`, `youtrackId`, `youtrackUrl`, `ownerId`, `ownerDisplayName`, `ownerEmail`, `teamMembers`, `taskColumns`, `created_at`, `updated_at`) VALUES ('prj035','PRJ035','DSN lot2','Conformité','prj5d94bf5b','Projet non transverse','Améliorer les process de gestion de traitement (RM#8448) pour fluidifier le traitement des avenants DSN. De cela, dépendra l\'ouverture DSN au portefeuille.',NULL,NULL,'2026-02-01',6,16,'2026-02-01','2026-04-30','Gain de productivité','Dev interne','En cours + ouverutre au portefeuille à venir','Planifié',90,NULL,NULL,'Admin','Merouan Hamzaoui','m.hamzaoui@adep.com','[]','[\"idReadable\",\"summary\",\"assignee\",\"dueDate\",\"state\"]','2026-04-03 16:31:42','2026-04-04 18:49:25');
INSERT INTO `projets` (`id`, `ref`, `title`, `service`, `parentProjectId`, `projectType`, `description`, `color`, `customColor`, `start`, `duration`, `lane`, `startExact`, `endExact`, `riskGain`, `budgetEstimate`, `prioritization`, `status`, `progression`, `youtrackId`, `youtrackUrl`, `ownerId`, `ownerDisplayName`, `ownerEmail`, `teamMembers`, `taskColumns`, `created_at`, `updated_at`) VALUES ('prj036','PRJ036','Tri des mails boite prestions et gestionprestations','Prestations','prja45e47bd','Maintenance','Remplacer le tri manuel des boites concernés par la mise en place de tag d\'identification du domaine (optique, dentaire, pec...). Pemettra d\'affecter la gestion d\'un mail directement à un gestionnaire sans tri préalable.\nIndustrialisation de la gestion des mails entrants',NULL,NULL,'2026-01-01',11,21,'2026-01-01','2026-06-14','Gain de productivité','Interne ou outil externe','point gestionnaire','Planifié',80,NULL,NULL,'Admin','Merouan Hamzaoui','m.hamzaoui@adep.com','[]','[\"idReadable\",\"summary\",\"assignee\",\"dueDate\",\"state\"]','2026-04-03 16:31:42','2026-04-04 18:49:25');
INSERT INTO `projets` (`id`, `ref`, `title`, `service`, `parentProjectId`, `projectType`, `description`, `color`, `customColor`, `start`, `duration`, `lane`, `startExact`, `endExact`, `riskGain`, `budgetEstimate`, `prioritization`, `status`, `progression`, `youtrackId`, `youtrackUrl`, `ownerId`, `ownerDisplayName`, `ownerEmail`, `teamMembers`, `taskColumns`, `created_at`, `updated_at`) VALUES ('prj037','PRJ037','408 et 929 NOEMIE','Prestations','prj5d94bf5b','Projet non transverse','Mettre en place une interface de gestion dans OA permettant de traiter les rejets d\'intégration Noémie. L\'objectif est de noémiser un maximum d\'adhérents afin d\'augmenter le ratio télétrans vs saisie manuelle',NULL,NULL,'2026-09-15',7,17,'2026-09-15','2026-12-31','Gain de productivité/Satisfaction client','Ressources prestations/production + dev snl (5-7 K)',NULL,'Planifié',0,NULL,NULL,'Admin','Merouan Hamzaoui','m.hamzaoui@adep.com','[]','[\"idReadable\",\"summary\",\"assignee\",\"dueDate\",\"state\"]','2026-04-03 16:31:42','2026-04-04 18:49:25');
INSERT INTO `projets` (`id`, `ref`, `title`, `service`, `parentProjectId`, `projectType`, `description`, `color`, `customColor`, `start`, `duration`, `lane`, `startExact`, `endExact`, `riskGain`, `budgetEstimate`, `prioritization`, `status`, `progression`, `youtrackId`, `youtrackUrl`, `ownerId`, `ownerDisplayName`, `ownerEmail`, `teamMembers`, `taskColumns`, `created_at`, `updated_at`) VALUES ('prj038','PRJ038','Décommissionnement du tiers payant hors Almerys','Prestations','prja45e47bd','Maintenance','Tâche de fonds à mener auprès des professionnels qui continuent à transmettre via les anciens codes et qui ne passent pas par Almerys. Prévoir mailing et communication',NULL,NULL,'2026-10-01',6,38,'2026-10-01','2026-12-31','Homogénéisation process + gain facturation CTF',NULL,'au long cours','Planifié',0,NULL,NULL,'Admin','Merouan Hamzaoui','m.hamzaoui@adep.com','[]','[\"idReadable\",\"summary\",\"assignee\",\"dueDate\",\"state\"]','2026-04-03 16:31:42','2026-04-04 18:49:25');
INSERT INTO `projets` (`id`, `ref`, `title`, `service`, `parentProjectId`, `projectType`, `description`, `color`, `customColor`, `start`, `duration`, `lane`, `startExact`, `endExact`, `riskGain`, `budgetEstimate`, `prioritization`, `status`, `progression`, `youtrackId`, `youtrackUrl`, `ownerId`, `ownerDisplayName`, `ownerEmail`, `teamMembers`, `taskColumns`, `created_at`, `updated_at`) VALUES ('prj039','PRJ039','Gestion de la boite mail','Production','prja45e47bd','Maintenance','Etudier la gestion de la boite mail et voir comment optimiser certains process de gestion',NULL,NULL,'2026-01-15',9,24,'2026-01-15','2026-05-31','Gain de productivité','Interne',NULL,'Planifié',40,NULL,NULL,'Admin','Merouan Hamzaoui','m.hamzaoui@adep.com','[]','[\"idReadable\",\"summary\",\"assignee\",\"dueDate\",\"state\"]','2026-04-03 16:31:42','2026-04-04 18:49:25');
INSERT INTO `projets` (`id`, `ref`, `title`, `service`, `parentProjectId`, `projectType`, `description`, `color`, `customColor`, `start`, `duration`, `lane`, `startExact`, `endExact`, `riskGain`, `budgetEstimate`, `prioritization`, `status`, `progression`, `youtrackId`, `youtrackUrl`, `ownerId`, `ownerDisplayName`, `ownerEmail`, `teamMembers`, `taskColumns`, `created_at`, `updated_at`) VALUES ('prj040','PRJ040','Modifier le WS e-carte vers le nouveau modèle','IT','prja45e47bd','Maintenance','Le WS Almerys utilisé actuellement pour récupérer le PDF de la carte de droit Almerys a été déclaré comme obsolète. Il faut paramétrer le nouveau pour ne pas tomber en rupture de service',NULL,NULL,'2026-10-01',6,39,'2026-10-01','2026-12-31','Rupture de service Almerys','1-2K maxi',NULL,'Planifié',0,NULL,NULL,'Admin','Merouan Hamzaoui','m.hamzaoui@adep.com','[]','[\"idReadable\",\"summary\",\"assignee\",\"dueDate\",\"state\"]','2026-04-03 16:31:42','2026-04-04 18:49:25');
INSERT INTO `projets` (`id`, `ref`, `title`, `service`, `parentProjectId`, `projectType`, `description`, `color`, `customColor`, `start`, `duration`, `lane`, `startExact`, `endExact`, `riskGain`, `budgetEstimate`, `prioritization`, `status`, `progression`, `youtrackId`, `youtrackUrl`, `ownerId`, `ownerDisplayName`, `ownerEmail`, `teamMembers`, `taskColumns`, `created_at`, `updated_at`) VALUES ('prj041','PRJ041','Décommissionnement Site Portail PS','IT','prja45e47bd','Maintenance','Avec l\'ouverture du TP via Almerys, notre site dédié aux professionnels de santé devient inutile car il fait doublon avec celui d\'Almerys. L\'objectif est de le décommissionner proprement notamment en faisant une communication ciblée auprès des PS qui l\'utilisent toujours.',NULL,NULL,'2026-10-01',6,42,'2026-10-01','2026-12-31','Doublon de service / MCO d\'un serveur obsolète -> risque de sécurité IT','Interne','le service va s\'arrêter, dites nous pkoi vous en auriez l\'utilité','Planifié',0,NULL,NULL,'Admin','Merouan Hamzaoui','m.hamzaoui@adep.com','[]','[\"idReadable\",\"summary\",\"assignee\",\"dueDate\",\"state\"]','2026-04-03 16:31:42','2026-04-04 18:49:25');
INSERT INTO `projets` (`id`, `ref`, `title`, `service`, `parentProjectId`, `projectType`, `description`, `color`, `customColor`, `start`, `duration`, `lane`, `startExact`, `endExact`, `riskGain`, `budgetEstimate`, `prioritization`, `status`, `progression`, `youtrackId`, `youtrackUrl`, `ownerId`, `ownerDisplayName`, `ownerEmail`, `teamMembers`, `taskColumns`, `created_at`, `updated_at`) VALUES ('prj042','PRJ042','Outil Onboarding / OffBoarding IT','IT','prj5d94bf5b','Projet non transverse','Rationaliser et fluidifier l\'Onboarding et l\'Offboarding des collaborateurs. Obj :  unifier, tracer et automatiser \nces processus critiques, pour sécuriser les accès, fiabiliser les flux et libérer du temps aux \néquipes',NULL,NULL,'2026-01-01',26,18,'2026-01-01','2027-01-31','Sécurité IT / Perte de données / Image de marque (onboarding)','5,6K Setup + 7,6 Annuel',NULL,'Planifié',0,NULL,NULL,'Admin','Merouan Hamzaoui','m.hamzaoui@adep.com','[]','[\"idReadable\",\"summary\",\"assignee\",\"dueDate\",\"state\"]','2026-04-03 16:31:42','2026-04-04 18:49:25');
INSERT INTO `projets` (`id`, `ref`, `title`, `service`, `parentProjectId`, `projectType`, `description`, `color`, `customColor`, `start`, `duration`, `lane`, `startExact`, `endExact`, `riskGain`, `budgetEstimate`, `prioritization`, `status`, `progression`, `youtrackId`, `youtrackUrl`, `ownerId`, `ownerDisplayName`, `ownerEmail`, `teamMembers`, `taskColumns`, `created_at`, `updated_at`) VALUES ('prj043','PRJ043','Automatisation des flux FVA','Contrôle Interne','prja45e47bd','Evolution','Actuellement, les flux FVA sont intégrés automatiquement à la souscription par NOMA. \nNéanmoins, pour toutes les mises à jour de contrat sur OA, nous faisons chaque jour un export sur OA (Reporting > Auto > Fichier des Véhicules Assurés) que nous intégrons manuellement sur FVA (intégration par fichier).\nLe but serait de rendre cela automatique pour que nous ayons uniquement à traiter et vérifier les erreurs.',NULL,NULL,'2026-10-01',6,40,'2026-10-01','2026-12-31','Gain de productivité','Interne',NULL,'Planifié',0,NULL,NULL,'Admin','Merouan Hamzaoui','m.hamzaoui@adep.com','[]','[\"idReadable\",\"summary\",\"assignee\",\"dueDate\",\"state\"]','2026-04-03 16:31:42','2026-04-04 18:49:25');
INSERT INTO `projets` (`id`, `ref`, `title`, `service`, `parentProjectId`, `projectType`, `description`, `color`, `customColor`, `start`, `duration`, `lane`, `startExact`, `endExact`, `riskGain`, `budgetEstimate`, `prioritization`, `status`, `progression`, `youtrackId`, `youtrackUrl`, `ownerId`, `ownerDisplayName`, `ownerEmail`, `teamMembers`, `taskColumns`, `created_at`, `updated_at`) VALUES ('prj044','PRJ044','Automatisation des vérifications de PPE/gel dans l’outil Lexis Nexis (abo ViaSanté)','Contrôle Interne','prja45e47bd','Evolution','Actuellement, nous faisons une extraction quotidienne des AN qui arrivent via le pont démat pour nous assurer que les assurés ne sont pas des PPE. Nous utilisons le modèle de fichier définis par Lexis Nexis pour faire une intégration par batch. Nous traitons ensuite les alertes s’il y en a. \nLe but serait de rendre cela automatique pour que nous ayons uniquement à traiter et vérifier les erreurs.',NULL,NULL,'2026-10-01',6,41,'2026-10-01','2026-12-31','Gain de productivité','Interne',NULL,'Planifié',0,NULL,NULL,'Admin','Merouan Hamzaoui','m.hamzaoui@adep.com','[]','[\"idReadable\",\"summary\",\"assignee\",\"dueDate\",\"state\"]','2026-04-03 16:31:42','2026-04-04 18:49:25');
INSERT INTO `projets` (`id`, `ref`, `title`, `service`, `parentProjectId`, `projectType`, `description`, `color`, `customColor`, `start`, `duration`, `lane`, `startExact`, `endExact`, `riskGain`, `budgetEstimate`, `prioritization`, `status`, `progression`, `youtrackId`, `youtrackUrl`, `ownerId`, `ownerDisplayName`, `ownerEmail`, `teamMembers`, `taskColumns`, `created_at`, `updated_at`) VALUES ('prj1cd1046b','PRJ060','Augmentation - Santé','Multi Services',NULL,NULL,'','#ff9500','#ff9500','2026-04-15',5,46,'2026-04-15','2026-06-30',NULL,NULL,NULL,'Planifié',0,NULL,NULL,'Admin','Merouan Hamzaoui','m.hamzaoui@adep.com','[]','[\"idReadable\",\"summary\",\"assignee\",\"dueDate\",\"state\"]','2026-04-03 16:31:42','2026-04-04 18:49:25');
INSERT INTO `projets` (`id`, `ref`, `title`, `service`, `parentProjectId`, `projectType`, `description`, `color`, `customColor`, `start`, `duration`, `lane`, `startExact`, `endExact`, `riskGain`, `budgetEstimate`, `prioritization`, `status`, `progression`, `youtrackId`, `youtrackUrl`, `ownerId`, `ownerDisplayName`, `ownerEmail`, `teamMembers`, `taskColumns`, `created_at`, `updated_at`) VALUES ('prj5d94bf5b','PRJ - NONTRV','Projets Non Transverses','Multi Services',NULL,'Projet non transverse','','#e72eff','#e72eff','2026-01-01',26,3,'2026-01-01','2027-01-31',NULL,NULL,NULL,'Planifié',0,NULL,NULL,'Admin','Merouan Hamzaoui','m.hamzaoui@adep.com','[]','[\"idReadable\",\"summary\",\"assignee\",\"dueDate\",\"state\"]','2026-04-03 16:31:42','2026-04-04 18:49:25');
INSERT INTO `projets` (`id`, `ref`, `title`, `service`, `parentProjectId`, `projectType`, `description`, `color`, `customColor`, `start`, `duration`, `lane`, `startExact`, `endExact`, `riskGain`, `budgetEstimate`, `prioritization`, `status`, `progression`, `youtrackId`, `youtrackUrl`, `ownerId`, `ownerDisplayName`, `ownerEmail`, `teamMembers`, `taskColumns`, `created_at`, `updated_at`) VALUES ('prj89c86000','PRJ061','Augmentation Santé Collective - IARD','Multi Services',NULL,NULL,'',NULL,NULL,'2026-10-15',5,45,'2026-10-15','2026-12-31',NULL,NULL,NULL,'Planifié',0,NULL,NULL,'Admin','Merouan Hamzaoui','m.hamzaoui@adep.com','[]','[\"idReadable\",\"summary\",\"assignee\",\"dueDate\",\"state\"]','2026-04-03 16:31:42','2026-04-04 18:49:25');
INSERT INTO `projets` (`id`, `ref`, `title`, `service`, `parentProjectId`, `projectType`, `description`, `color`, `customColor`, `start`, `duration`, `lane`, `startExact`, `endExact`, `riskGain`, `budgetEstimate`, `prioritization`, `status`, `progression`, `youtrackId`, `youtrackUrl`, `ownerId`, `ownerDisplayName`, `ownerEmail`, `teamMembers`, `taskColumns`, `created_at`, `updated_at`) VALUES ('prja45e47bd','MTN - EVO','Maintenance - Evolution','IT',NULL,'Maintenance','',NULL,NULL,'2026-01-01',24,19,'2026-01-01','2026-12-31',NULL,NULL,NULL,'Planifié',0,NULL,NULL,'Admin','Merouan Hamzaoui','m.hamzaoui@adep.com','[]','[\"idReadable\",\"summary\",\"assignee\",\"dueDate\",\"state\"]','2026-04-03 16:31:42','2026-04-04 18:49:25');
INSERT INTO `projets` (`id`, `ref`, `title`, `service`, `parentProjectId`, `projectType`, `description`, `color`, `customColor`, `start`, `duration`, `lane`, `startExact`, `endExact`, `riskGain`, `budgetEstimate`, `prioritization`, `status`, `progression`, `youtrackId`, `youtrackUrl`, `ownerId`, `ownerDisplayName`, `ownerEmail`, `teamMembers`, `taskColumns`, `created_at`, `updated_at`) VALUES ('prja6f3cc72','PRJ - TRV','Projets Transverses','Multi Services',NULL,'Projet transverse','','#4306ea','#4306ea','2026-01-01',24,0,'2026-01-01','2026-12-31',NULL,NULL,NULL,'Planifié',0,NULL,NULL,'Admin','Merouan Hamzaoui','m.hamzaoui@adep.com','[]','[\"idReadable\",\"summary\",\"assignee\",\"dueDate\",\"state\"]','2026-04-03 16:31:42','2026-04-04 18:49:25');
/*!40000 ALTER TABLE `projets` ENABLE KEYS */;
UNLOCK TABLES;

LOCK TABLES `projet_services` WRITE;
/*!40000 ALTER TABLE `projet_services` DISABLE KEYS */;
INSERT INTO `projet_services` (`project_id`, `service_id`, `created_at`) VALUES ('prj001',4,'2026-04-06 21:26:16');
INSERT INTO `projet_services` (`project_id`, `service_id`, `created_at`) VALUES ('prj002',4,'2026-04-06 21:26:16');
INSERT INTO `projet_services` (`project_id`, `service_id`, `created_at`) VALUES ('prj002',8,'2026-04-06 21:26:16');
INSERT INTO `projet_services` (`project_id`, `service_id`, `created_at`) VALUES ('prj003',4,'2026-04-06 21:26:16');
INSERT INTO `projet_services` (`project_id`, `service_id`, `created_at`) VALUES ('prj003',7,'2026-04-06 21:26:16');
INSERT INTO `projet_services` (`project_id`, `service_id`, `created_at`) VALUES ('prj004',4,'2026-04-06 21:26:16');
INSERT INTO `projet_services` (`project_id`, `service_id`, `created_at`) VALUES ('prj005',4,'2026-04-06 21:26:16');
INSERT INTO `projet_services` (`project_id`, `service_id`, `created_at`) VALUES ('prj005',7,'2026-04-06 21:26:16');
INSERT INTO `projet_services` (`project_id`, `service_id`, `created_at`) VALUES ('prj006',4,'2026-04-06 21:26:16');
INSERT INTO `projet_services` (`project_id`, `service_id`, `created_at`) VALUES ('prj006',10,'2026-04-06 21:26:16');
INSERT INTO `projet_services` (`project_id`, `service_id`, `created_at`) VALUES ('prj007',4,'2026-04-06 21:26:16');
INSERT INTO `projet_services` (`project_id`, `service_id`, `created_at`) VALUES ('prj008',4,'2026-04-06 21:26:16');
INSERT INTO `projet_services` (`project_id`, `service_id`, `created_at`) VALUES ('prj009',4,'2026-04-06 21:26:16');
INSERT INTO `projet_services` (`project_id`, `service_id`, `created_at`) VALUES ('prj010',4,'2026-04-06 21:26:16');
INSERT INTO `projet_services` (`project_id`, `service_id`, `created_at`) VALUES ('prj011',4,'2026-04-06 21:26:16');
INSERT INTO `projet_services` (`project_id`, `service_id`, `created_at`) VALUES ('prj012',4,'2026-04-06 21:26:16');
INSERT INTO `projet_services` (`project_id`, `service_id`, `created_at`) VALUES ('prj013',4,'2026-04-06 21:26:16');
INSERT INTO `projet_services` (`project_id`, `service_id`, `created_at`) VALUES ('prj014',4,'2026-04-06 21:26:16');
INSERT INTO `projet_services` (`project_id`, `service_id`, `created_at`) VALUES ('prj015',12,'2026-04-06 21:26:16');
INSERT INTO `projet_services` (`project_id`, `service_id`, `created_at`) VALUES ('prj016',12,'2026-04-06 21:26:16');
INSERT INTO `projet_services` (`project_id`, `service_id`, `created_at`) VALUES ('prj017',12,'2026-04-06 21:26:16');
INSERT INTO `projet_services` (`project_id`, `service_id`, `created_at`) VALUES ('prj018',12,'2026-04-06 21:26:16');
INSERT INTO `projet_services` (`project_id`, `service_id`, `created_at`) VALUES ('prj019',3,'2026-04-06 21:26:16');
INSERT INTO `projet_services` (`project_id`, `service_id`, `created_at`) VALUES ('prj019',8,'2026-04-06 21:26:16');
INSERT INTO `projet_services` (`project_id`, `service_id`, `created_at`) VALUES ('prj020',8,'2026-04-06 21:26:16');
INSERT INTO `projet_services` (`project_id`, `service_id`, `created_at`) VALUES ('prj021',8,'2026-04-06 21:26:16');
INSERT INTO `projet_services` (`project_id`, `service_id`, `created_at`) VALUES ('prj022',5,'2026-04-06 21:26:16');
INSERT INTO `projet_services` (`project_id`, `service_id`, `created_at`) VALUES ('prj022',8,'2026-04-06 21:26:16');
INSERT INTO `projet_services` (`project_id`, `service_id`, `created_at`) VALUES ('prj023',3,'2026-04-06 21:26:16');
INSERT INTO `projet_services` (`project_id`, `service_id`, `created_at`) VALUES ('prj024',3,'2026-04-06 21:26:16');
INSERT INTO `projet_services` (`project_id`, `service_id`, `created_at`) VALUES ('prj025',3,'2026-04-06 21:26:16');
INSERT INTO `projet_services` (`project_id`, `service_id`, `created_at`) VALUES ('prj026',3,'2026-04-06 21:26:16');
INSERT INTO `projet_services` (`project_id`, `service_id`, `created_at`) VALUES ('prj027',3,'2026-04-06 21:26:16');
INSERT INTO `projet_services` (`project_id`, `service_id`, `created_at`) VALUES ('prj028',3,'2026-04-06 21:26:16');
INSERT INTO `projet_services` (`project_id`, `service_id`, `created_at`) VALUES ('prj029',3,'2026-04-06 21:26:16');
INSERT INTO `projet_services` (`project_id`, `service_id`, `created_at`) VALUES ('prj030',3,'2026-04-06 21:26:16');
INSERT INTO `projet_services` (`project_id`, `service_id`, `created_at`) VALUES ('prj031',3,'2026-04-06 21:26:16');
INSERT INTO `projet_services` (`project_id`, `service_id`, `created_at`) VALUES ('prj032',5,'2026-04-06 21:26:16');
INSERT INTO `projet_services` (`project_id`, `service_id`, `created_at`) VALUES ('prj033',5,'2026-04-06 21:26:16');
INSERT INTO `projet_services` (`project_id`, `service_id`, `created_at`) VALUES ('prj034',5,'2026-04-06 21:26:16');
INSERT INTO `projet_services` (`project_id`, `service_id`, `created_at`) VALUES ('prj035',5,'2026-04-06 21:26:16');
INSERT INTO `projet_services` (`project_id`, `service_id`, `created_at`) VALUES ('prj036',10,'2026-04-06 21:26:16');
INSERT INTO `projet_services` (`project_id`, `service_id`, `created_at`) VALUES ('prj037',10,'2026-04-06 21:26:16');
INSERT INTO `projet_services` (`project_id`, `service_id`, `created_at`) VALUES ('prj038',10,'2026-04-06 21:26:16');
INSERT INTO `projet_services` (`project_id`, `service_id`, `created_at`) VALUES ('prj039',11,'2026-04-06 21:26:16');
INSERT INTO `projet_services` (`project_id`, `service_id`, `created_at`) VALUES ('prj040',7,'2026-04-06 21:26:16');
INSERT INTO `projet_services` (`project_id`, `service_id`, `created_at`) VALUES ('prj041',7,'2026-04-06 21:26:16');
INSERT INTO `projet_services` (`project_id`, `service_id`, `created_at`) VALUES ('prj042',7,'2026-04-06 21:26:16');
INSERT INTO `projet_services` (`project_id`, `service_id`, `created_at`) VALUES ('prj043',6,'2026-04-06 21:26:16');
INSERT INTO `projet_services` (`project_id`, `service_id`, `created_at`) VALUES ('prj044',6,'2026-04-06 21:26:16');
INSERT INTO `projet_services` (`project_id`, `service_id`, `created_at`) VALUES ('prj1cd1046b',1522,'2026-04-06 21:26:16');
INSERT INTO `projet_services` (`project_id`, `service_id`, `created_at`) VALUES ('prj5d94bf5b',1522,'2026-04-06 21:26:16');
INSERT INTO `projet_services` (`project_id`, `service_id`, `created_at`) VALUES ('prj89c86000',1522,'2026-04-06 21:26:16');
INSERT INTO `projet_services` (`project_id`, `service_id`, `created_at`) VALUES ('prja45e47bd',7,'2026-04-06 21:26:16');
INSERT INTO `projet_services` (`project_id`, `service_id`, `created_at`) VALUES ('prja6f3cc72',1522,'2026-04-06 21:26:16');
/*!40000 ALTER TABLE `projet_services` ENABLE KEYS */;
UNLOCK TABLES;
/*!40103 SET TIME_ZONE=@OLD_TIME_ZONE */;

/*!40101 SET SQL_MODE=@OLD_SQL_MODE */;
/*!40014 SET FOREIGN_KEY_CHECKS=@OLD_FOREIGN_KEY_CHECKS */;
/*!40014 SET UNIQUE_CHECKS=@OLD_UNIQUE_CHECKS */;
/*!40101 SET CHARACTER_SET_CLIENT=@OLD_CHARACTER_SET_CLIENT */;
/*!40101 SET CHARACTER_SET_RESULTS=@OLD_CHARACTER_SET_RESULTS */;
/*!40101 SET COLLATION_CONNECTION=@OLD_COLLATION_CONNECTION */;
/*!40111 SET SQL_NOTES=@OLD_SQL_NOTES */;


SET FOREIGN_KEY_CHECKS = 1;
-- ============================================================
-- FIN DU SCRIPT
-- ============================================================
